<annotation>
	<folder>images</folder>
	<filename>N17.jpeg</filename>
	<path>/Users/asik/Desktop/ANPR/N17.jpeg</path>
	<source>
		<database>Unknown</database>
	</source>
	<size>
		<width>1000</width>
		<height>750</height>
		<depth>3</depth>
	</size>
	<segmented>0</segmented>
	<object>
		<name>number_plate</name>
		<pose>Unspecified</pose>
		<truncated>0</truncated>
		<difficult>0</difficult>
		<bndbox>
			<xmin>88</xmin>
			<ymin>507</ymin>
			<xmax>216</xmax>
			<ymax>556</ymax>
		</bndbox>
	</object>
</annotation>
