<annotation>
	<folder>images</folder>
	<filename>N23.jpeg</filename>
	<path>/Users/asik/Desktop/ANPR/N23.jpeg</path>
	<source>
		<database>Unknown</database>
	</source>
	<size>
		<width>640</width>
		<height>425</height>
		<depth>3</depth>
	</size>
	<segmented>0</segmented>
	<object>
		<name>number_plate</name>
		<pose>Unspecified</pose>
		<truncated>0</truncated>
		<difficult>0</difficult>
		<bndbox>
			<xmin>107</xmin>
			<ymin>264</ymin>
			<xmax>201</xmax>
			<ymax>288</ymax>
		</bndbox>
	</object>
</annotation>
