<annotation>
	<folder>images</folder>
	<filename>N3.jpeg</filename>
	<path>/Users/asik/Desktop/ANPR/N3.jpeg</path>
	<source>
		<database>Unknown</database>
	</source>
	<size>
		<width>932</width>
		<height>699</height>
		<depth>3</depth>
	</size>
	<segmented>0</segmented>
	<object>
		<name>num_plate</name>
		<pose>Unspecified</pose>
		<truncated>0</truncated>
		<difficult>0</difficult>
		<bndbox>
			<xmin>73</xmin>
			<ymin>381</ymin>
			<xmax>260</xmax>
			<ymax>462</ymax>
		</bndbox>
	</object>
</annotation>
