<annotation>
	<folder>images</folder>
	<filename>N31.jpeg</filename>
	<path>/Users/asik/Desktop/ANPR/N31.jpeg</path>
	<source>
		<database>Unknown</database>
	</source>
	<size>
		<width>600</width>
		<height>400</height>
		<depth>3</depth>
	</size>
	<segmented>0</segmented>
	<object>
		<name>number_plate</name>
		<pose>Unspecified</pose>
		<truncated>0</truncated>
		<difficult>0</difficult>
		<bndbox>
			<xmin>256</xmin>
			<ymin>233</ymin>
			<xmax>381</xmax>
			<ymax>261</ymax>
		</bndbox>
	</object>
</annotation>
