<annotation>
	<folder>images</folder>
	<filename>N37.jpeg</filename>
	<path>/Users/asik/Desktop/ANPR/N37.jpeg</path>
	<source>
		<database>Unknown</database>
	</source>
	<size>
		<width>728</width>
		<height>485</height>
		<depth>3</depth>
	</size>
	<segmented>0</segmented>
	<object>
		<name>number_plate</name>
		<pose>Unspecified</pose>
		<truncated>0</truncated>
		<difficult>0</difficult>
		<bndbox>
			<xmin>77</xmin>
			<ymin>231</ymin>
			<xmax>200</xmax>
			<ymax>290</ymax>
		</bndbox>
	</object>
</annotation>
