<annotation>
	<folder>images</folder>
	<filename>N43.jpeg</filename>
	<path>/Users/asik/Desktop/ANPR/N43.jpeg</path>
	<source>
		<database>Unknown</database>
	</source>
	<size>
		<width>602</width>
		<height>370</height>
		<depth>3</depth>
	</size>
	<segmented>0</segmented>
	<object>
		<name>number_plate</name>
		<pose>Unspecified</pose>
		<truncated>0</truncated>
		<difficult>0</difficult>
		<bndbox>
			<xmin>142</xmin>
			<ymin>281</ymin>
			<xmax>298</xmax>
			<ymax>327</ymax>
		</bndbox>
	</object>
</annotation>
