<annotation>
	<folder>images</folder>
	<filename>N44.jpeg</filename>
	<path>/Users/asik/Desktop/ANPR/N44.jpeg</path>
	<source>
		<database>Unknown</database>
	</source>
	<size>
		<width>416</width>
		<height>431</height>
		<depth>3</depth>
	</size>
	<segmented>0</segmented>
	<object>
		<name>number_plate</name>
		<pose>Unspecified</pose>
		<truncated>0</truncated>
		<difficult>0</difficult>
		<bndbox>
			<xmin>113</xmin>
			<ymin>282</ymin>
			<xmax>257</xmax>
			<ymax>322</ymax>
		</bndbox>
	</object>
</annotation>
