<annotation>
	<folder>images</folder>
	<filename>N65.jpeg</filename>
	<path>/Users/asik/Desktop/ANPR/N65.jpeg</path>
	<source>
		<database>Unknown</database>
	</source>
	<size>
		<width>1920</width>
		<height>1080</height>
		<depth>3</depth>
	</size>
	<segmented>0</segmented>
	<object>
		<name>number_plate</name>
		<pose>Unspecified</pose>
		<truncated>0</truncated>
		<difficult>0</difficult>
		<bndbox>
			<xmin>1024</xmin>
			<ymin>611</ymin>
			<xmax>1273</xmax>
			<ymax>680</ymax>
		</bndbox>
	</object>
</annotation>
