<annotation>
	<folder>images</folder>
	<filename>N73.jpeg</filename>
	<path>/Users/asik/Desktop/ANPR/N73.jpeg</path>
	<source>
		<database>Unknown</database>
	</source>
	<size>
		<width>265</width>
		<height>190</height>
		<depth>3</depth>
	</size>
	<segmented>0</segmented>
	<object>
		<name>number_plate</name>
		<pose>Unspecified</pose>
		<truncated>0</truncated>
		<difficult>0</difficult>
		<bndbox>
			<xmin>124</xmin>
			<ymin>102</ymin>
			<xmax>209</xmax>
			<ymax>130</ymax>
		</bndbox>
	</object>
</annotation>
