<annotation>
	<folder>images</folder>
	<filename>N88.jpeg</filename>
	<path>/Users/asik/Desktop/ANPR/N88.jpeg</path>
	<source>
		<database>Unknown</database>
	</source>
	<size>
		<width>610</width>
		<height>338</height>
		<depth>3</depth>
	</size>
	<segmented>0</segmented>
	<object>
		<name>number_plate</name>
		<pose>Unspecified</pose>
		<truncated>0</truncated>
		<difficult>0</difficult>
		<bndbox>
			<xmin>208</xmin>
			<ymin>89</ymin>
			<xmax>370</xmax>
			<ymax>173</ymax>
		</bndbox>
	</object>
</annotation>
