<annotation>
	<folder>images</folder>
	<filename>N98.jpeg</filename>
	<path>/Users/asik/Desktop/ANPR/N98.jpeg</path>
	<source>
		<database>Unknown</database>
	</source>
	<size>
		<width>704</width>
		<height>330</height>
		<depth>3</depth>
	</size>
	<segmented>0</segmented>
	<object>
		<name>number_plate</name>
		<pose>Unspecified</pose>
		<truncated>0</truncated>
		<difficult>0</difficult>
		<bndbox>
			<xmin>563</xmin>
			<ymin>207</ymin>
			<xmax>675</xmax>
			<ymax>238</ymax>
		</bndbox>
	</object>
</annotation>
